N,S_wide,S_narrow,M_wide,M_narrow,abs_err_wide,abs_err_narrow,rel_err_wide,rel_err_narrow
100,0.7777708763999663,0.8,8,80,0.1667463094994973,0.1445171858994636,0.1765413186639953,0.15300641222514114
600,1.0532313951249543,0.7716666666666666,65,463,0.10871420922549069,0.17285051923279704,0.11510029764250626,0.1830041017921675
1100,0.928022068431778,0.7963636363636364,105,876,0.016495117467685616,0.14815354953582727,0.01746407340590348,0.15685638307866326
1600,0.8385342261187138,0.79875,138,1278,0.1059829597807499,0.1457671858994637,0.1122086091846199,0.15432983970603945
2100,0.972213595499958,0.79,210,1659,0.027696409600494354,0.15451718589946362,0.029323351670005948,0.1635938320723269
2600,0.8936886512480382,0.7857692307692308,239,2043,0.05082853465142545,0.15874795513023288,0.053814303657186965,0.16807312508459782
3100,0.9973029786096342,0.7825806451612903,318,2426,0.05278579271017059,0.16193654073817332,0.055886534938909216,0.17144901453959374
3600,0.996518935387457,0.7994444444444444,369,2878,0.0520017494879933,0.14507274145501925,0.055056435461756086,0.15359460221665155
4100,0.9271597947328867,0.7907317073170732,391,3242,0.017357391166576974,0.15378547858239044,0.01837699877323834,0.16281914281521573
4600,0.9701000876836536,0.783695652173913,459,3605,0.025582901784189982,0.16082153372555064,0.027085692209853636,0.17026850980207447
5100,0.9569631861587821,0.7829411764705883,502,3993,0.012446000259318413,0.1615760094288754,0.013177103016358657,0.1710673049056345
5600,1.0051994139187066,0.7776785714285714,579,4355,0.060682228019242945,0.1668386144708922,0.0642468225302383,0.17663904581260934
6100,1.0168397933261857,0.791311475409836,638,4827,0.07232260742672203,0.1532057104896276,0.07657098092698993,0.1622053179940075
6600,0.9839980027181393,0.7903030303030303,668,5216,0.03948081681867566,0.15421415559643337,0.0417999983569151,0.16327300116786678
7100,0.921548943340101,0.7935211267605634,673,5634,0.022968242559362695,0.15099605913890024,0.024317442712797267,0.15986586733740235
7600,0.9402328851216699,0.7810526315789473,735,5936,0.004284300777793737,0.16346455432051632,0.004535969108612669,0.17306678667244052
8100,0.9206022564795898,0.7824691358024691,767,6338,0.02391492941987383,0.16204805009699452,0.025319739838401824,0.17156707417946682
8600,0.92473339664996,0.7833720930232558,818,6737,0.019783789249503636,0.16114509287620782,0.020945928295273458,0.17061107545941512
9100,0.9209319992538064,0.7915384615384615,862,7203,0.02358518664565723,0.15297872436100213,0.02497062731918113,0.161964998249683
9600,0.9398064756499593,0.7927083333333333,928,7610,0.004710710249504313,0.1518088525661303,0.004987426718994323,0.16072640586371412
10100,0.9385230253588702,0.7845544554455446,975,7924,0.0059941605405934295,0.15996273045391907,0.0063462694274696455,0.16935925872178448
10600,0.9272716462740165,0.7845283018867925,1011,8316,0.01724553962544717,0.1599888840126712,0.01825857685058874,0.16938694859248515
11100,0.927544322193203,0.7794594594594595,1059,8652,0.01697286370626061,0.16505772644000416,0.017969883406724202,0.17475354488422537
11600,0.9386889887585801,0.7887931034482759,1120,9150,0.005828197140883562,0.15572408245118774,0.006170557008270178,0.16487162412284928
12100,0.91596983377682,0.7864462809917355,1140,9516,0.0285473521226437,0.15807090490772813,0.030224280244787773,0.16735630358826897
12600,0.9305472985499598,0.7871428571428571,1206,9918,0.013969887349503884,0.1573743287566065,0.014790506258708635,0.16661880917152286
13100,0.9818615166766751,0.7812977099236641,1323,10235,0.03734433077721144,0.16321947597579956,0.03953801088505175,0.17280731193934354
13600,0.962920377307679,0.7826470588235294,1347,10644,0.018403191408215336,0.1618701270759343,0.019484231396689703,0.17137869960702237
14100,0.9480806339095335,0.7839716312056738,1375,11054,0.003563448010069803,0.16054555469378984,0.0037727720186227546,0.16997631921424736
14600,0.9349232110150281,0.7866438356164384,1404,11485,0.009593974884435585,0.1578733502830253,0.010157544010487478,0.16714714421282076
15100,0.9631996946145279,0.7872185430463576,1496,11887,0.018682508715064272,0.15729864285310602,0.019779956356509195,0.16653867732783553
15600,0.9304582680009214,0.7857051282051282,1493,12257,0.0140589178985423,0.15881205769433548,0.014884766638898152,0.16814099316054135
16100,0.9299434391738728,0.7829813664596273,1540,12606,0.014573746725590864,0.1615358194398363,0.015429837533037883,0.17102475407687343
16600,0.9177462073183338,0.786566265060241,1567,13057,0.026770978581129867,0.15795092083922269,0.028343558995843857,0.16722927141744492
17100,0.9358266539139947,0.7880116959064327,1646,13475,0.008690531985468986,0.15650548999303093,0.00920103108255568,0.16569893309457442
17600,0.9639276841746742,0.788125,1745,13871,0.019410498275210575,0.1563921858994637,0.020550709468272893,0.1655789732936743
18100,0.943745462593053,0.7885082872928176,1757,14272,0.000771723306410621,0.15600889860664602,0.0008170558650827608,0.1651731709445591
18600,0.9429426485386689,0.7856451612903226,1804,14613,0.0015745373607947144,0.15887202460914107,0.0016670288103813407,0.16820448265094007
19100,0.9513440889996971,0.7854973821989529,1869,15003,0.0068269031002334835,0.15901980370051072,0.007227928937822581,0.16836094257943668
19600,0.9171545602446032,0.788826530612245,1849,15461,0.027362625654860473,0.1556906552872187,0.028969960592938333,0.1648362333809252
20100,0.9601213866007048,0.784228855721393,1985,15763,0.015604200701241133,0.16028833017807065,0.016520822420378993,0.16970398481995655
20600,0.9009493950531164,0.7818446601941748,1909,16106,0.04356779084634721,0.1626725257052889,0.04612704935046535,0.17222823272440074
21100,0.9565475944350297,0.7870142180094787,2076,16606,0.012030408535566028,0.15750296788998497,0.012737098609920445,0.16675500482290845
21600,0.9213524212909324,0.7885185185185185,2047,17032,0.02316476460853123,0.15599866738094514,0.024525508857174923,0.16516233871635447
22100,0.9590161258777865,0.7887782805429864,2180,17432,0.014498939978322856,0.15573890535647728,0.015350636488965012,0.16488731775501483
22600,0.9334971248827031,0.7860619469026549,2170,17765,0.011020061016760563,0.1584552389968088,0.01166740127260486,0.16776321422453724
23100,0.9200255063908693,0.7843290043290043,2186,18118,0.024491679508594322,0.16018818157045933,0.025930369372020368,0.16959795328436733
23600,0.9512038949192385,0.7859745762711864,2309,18549,0.006686709019774861,0.15854260962827726,0.0070794995788320235,0.1678557171803043
24100,0.9266284767068064,0.7818257261410788,2297,18842,0.01788870919265728,0.16269145975838484,0.01893952747468736,0.1722482790013543
24600,0.9568004531322758,0.7858536585365854,2421,19332,0.012283267232812145,0.15866352736287825,0.01300481072889615,0.1679837378626234
25100,0.9311559695545415,0.7860159362549801,2404,19729,0.013361216344922155,0.15850124964448353,0.014146080711277128,0.1678119276289746
25600,0.9289197088253505,0.7885546875,2446,20187,0.015597477074113186,0.15596249839946363,0.016513703834049043,0.16512404509711548
26100,0.9498638576723727,0.7872413793103449,2550,20547,0.00534667177290904,0.15727580658911877,0.005660745884488491,0.1665144996163781
26600,0.9331057553802228,0.7845112781954887,2553,20868,0.011411430519240873,0.16000590770397494,0.012081760596419184,0.16940497228920331
27100,0.9291635469907348,0.7891143911439115,2590,21385,0.015353638908728873,0.1554027947555522,0.01625554213087992,0.16453146335030644
27600,0.9359317113200682,0.7842028985507247,2657,21644,0.008585474579395402,0.16031428734873898,0.009089802395939948,0.16973146676634762
28100,0.9618340909216666,0.787153024911032,2780,22119,0.017316905022202955,0.15736416098843165,0.01833413439239019,0.16660804412846525
28600,0.9402597220814278,0.7873426573426573,2766,22518,0.004257463818035823,0.15717452855680636,0.004507555692574762,0.16640727231143929
29100,0.930117749096867,0.7863230240549828,2784,22882,0.014399436802596699,0.15819416184448087,0.0152452882992109,0.16748680088211693
29600,0.97484119981212,0.7836148648648649,2968,23195,0.030324013912656378,0.16090232103459878,0.03210530667451945,0.1703540427179962
30100,0.92634836939996,0.7861129568106312,2868,23662,0.018168816499503637,0.15840422908883245,0.019236088840672048,0.16770920789332605
30600,0.963952957106821,0.7893464052287582,3034,24154,0.0194357712073574,0.15517078067070544,0.02057746698261368,0.16428582029763314
31100,0.9262600911467445,0.7809967845659164,2963,24289,0.018257094752719194,0.16352040133354728,0.019329552733688974,0.17312591424985752
31600,0.9285255162085041,0.7819303797468354,3018,24709,0.015991669690959553,0.16258680615262822,0.016931052107570375,0.17213747783508757
32100,0.9270859239331375,0.7822741433021807,3061,25111,0.01743126196632616,0.16224304259728295,0.018455208890377543,0.1717735209262274
32600,0.9355319168967386,0.7806134969325154,3137,25448,0.008985269002725005,0.1639036889669483,0.009513081537175349,0.1735317169595626
33100,0.9484222658215602,0.7872205438066465,3229,26057,0.0039050799220965438,0.15729664209281713,0.004134472067205147,0.16653655903891632
33600,0.9360449349530845,0.787797619047619,3235,26470,0.008472250946379156,0.15671956685184463,0.00896992778200328,0.16592558525295714
34100,0.9551071979251786,0.7850733137829912,3350,26771,0.010590012025714968,0.15944387211647248,0.011212090350299027,0.1688099216158085
34600,0.9699657027935996,0.7848265895953758,3452,27155,0.025448516894135964,0.15969059630408788,0.02694341328464166,0.1690711388718825
35100,0.940360443510643,0.785982905982906,3395,27588,0.004156742388820689,0.15853427991655766,0.00440091768670384,0.16784689816478615
35600,0.9536432234510823,0.7850280898876405,3492,27947,0.009126037551618671,0.15948909601182315,0.009662119110016984,0.16885780205252876
36100,0.9425893585179648,0.7888365650969529,3500,28477,0.0019278273814988811,0.15568062080251077,0.002041071788082936,0.1648256094506699
36600,0.9711510669802859,0.7891530054644809,3656,28883,0.026633881080822208,0.1553641804349828,0.02819840811626817,0.16449058074790826
37100,0.9281888289112805,0.7856603773584906,3542,29148,0.016328356988183135,0.15885680854097306,0.0172875170848624,0.16818837276072826
37600,0.9528210370790812,0.7895212765957447,3685,29686,0.008303851179617516,0.15499590930371898,0.008791635878715917,0.16410067663947944
38100,0.9408271723381483,0.7833595800524934,3687,29846,0.003690013561315375,0.16115760584697025,0.003906772281545492,0.17062432346691486
38600,0.9437524202949075,0.7852590673575129,3747,30311,0.0007647656045561835,0.1592581185419507,0.0008096894540123135,0.16861325650765074
39100,0.9473487976610843,0.7824808184143223,3810,30595,0.0028316117616206116,0.16203636748514139,0.0029979462564506624,0.17155470530780673
39600,0.9562555440586707,0.7882070707070707,3895,31213,0.011738358159207096,0.1563101151923929,0.012427892614816383,0.16549208159038292
40100,0.9193600883131773,0.7869077306733168,3792,31555,0.02515709758628637,0.1576094552261469,0.026634875428263666,0.1668677474365439
40600,0.944196602723235,0.7833743842364532,3943,31805,0.0003205831762286282,0.16114280166301043,0.00033941486826768205,0.1706086496558071
41100,0.9499780534130975,0.7857664233576642,4016,32295,0.005460867513633838,0.15875076254179943,0.005781649709669871,0.1680760974090917
41600,0.9303803662705127,0.7843509615384615,3981,32629,0.01413681962895097,0.16016622436100214,0.014967244471564037,0.16957470626484775
42100,0.9285679020202687,0.7868646080760096,4021,33127,0.01594928387919492,0.1576525778234541,0.01688617646909878,0.16691340314080316
42600,0.950304556728128,0.7872065727699531,4164,33535,0.005787370828664318,0.15731061312951056,0.0061273324774424355,0.1665513507620337
43100,0.9541678675092394,0.7844083526682134,4230,33808,0.00965068160977578,0.16010883323125025,0.010217581801421047,0.16951394386622898
43600,0.9637401742547749,0.7871100917431193,4322,34318,0.01922298835531122,0.15740709415634435,0.02035218484352423,0.1666534992758714
44100,0.9336336909166263,0.7862131519274377,4235,34672,0.01088349498283736,0.15830403397202597,0.011522813078803864,0.16760312711649927
44600,0.9543388163898691,0.7881614349775785,4378,35152,0.009821630490405409,0.15635575092188514,0.01039857255858428,0.1655403980531996
45100,0.9588483531671426,0.7899778270509977,4448,35628,0.014331167267678913,0.15453935884846592,0.015173008476316228,0.16361730750436065
45600,0.9589949018769321,0.785,4498,35796,0.014477715977468497,0.15951718589946362,0.0153281657481768,0.16888754199591977
46100,0.9319331623675301,0.7860737527114967,4419,36238,0.012584023531933552,0.15844343318796694,0.013323234049944562,0.16775071491905283
46600,0.9329912444368695,0.7846137339055794,4472,36563,0.011525941462594114,0.15990345199388423,0.01220299813985699,0.16929649812735612
47100,0.9451732598289401,0.7846921443736731,4579,36959,0.0006560739294764195,0.15982504152579058,0.0006946130142159779,0.16921348167274394
47600,0.9546483918837823,0.786155462184874,4674,37421,0.010131205984318603,0.15836172371458968,0.010726333131430166,0.16766420566903906
48100,0.9517991312285452,0.7844074844074844,4709,37730,0.007281945329081552,0.16010970149197923,0.0077097012503239476,0.16951486313031644
48600,0.9312045858132314,0.7866666666666666,4655,38232,0.013312600086232251,0.15785051923279703,0.014094608637062186,0.16712297202138887
49100,0.9308301654674751,0.7877393075356416,4701,38678,0.01368702043198855,0.15677787836382207,0.014491023177047225,0.1659873220988801
49600,0.9447720827237495,0.7862298387096774,4820,38997,0.00025489682428581073,0.1582873471897862,0.00026986996964282074,0.16758546011955217
50100,0.9403886394796,0.7824151696606786,4846,39199,0.004128546419863599,0.16210201623878506,0.0043710654305691475,0.17162421039953374
50600,0.9253321493928454,0.7849407114624506,4816,39718,0.01918503650661829,0.15957647443701306,0.020312003627915336,0.16895031325983592
51100,0.9337816686328363,0.7852837573385518,4908,40128,0.010735517266627359,0.15923342856091183,0.011366142857849565,0.16858711618812297
51600,0.9415021970374593,0.7868992248062016,4997,40604,0.003014988862004353,0.1576179610932621,0.003192095291662882,0.1668767529551752
52100,0.9389978526978481,0.7861036468330135,5032,40956,0.005519333201615573,0.15841353906645017,0.00584354978820159,0.16771906475750673
52600,0.9524366269222971,0.785171102661597,5153,41300,0.007919441022833484,0.1593460832378667,0.008384644706376412,0.16870638842439
53100,0.9451161167553264,0.7835028248587571,5162,41604,0.0005989308558627116,0.16101436104070654,0.0006341132430452811,0.17047266417643062
53600,0.947001339945015,0.7876679104477612,5221,42219,0.0024841540455513567,0.15684927545170246,0.002630078184533717,0.1660629131934057
54100,0.9594544152262986,0.7868761552680221,5339,42570,0.014937229326834944,0.15764103063144153,0.01581467182368971,0.16690117764381385
54600,0.9257396489018831,0.7861721611721612,5199,42925,0.018777536997580557,0.1583450247273025,0.019880566788944884,0.16764652575009584
55100,0.9429236759259121,0.7878039927404719,5344,43408,0.0015935099735515657,0.1567131931589918,0.0016871159120668262,0.16591883715673614
55600,0.9356681563885386,0.7843345323741007,5351,43609,0.008849029510925033,0.16018265352536298,0.009368839067229996,0.1695921005109304
56100,0.9403263759684086,0.7876827094474154,5426,44189,0.004190809931055028,0.1568344764520483,0.004436986423983509,0.16604724487113998
56600,0.9493682936975738,0.7844346289752651,5527,44399,0.004851107798110155,0.1600825569241986,0.005136071498254894,0.16948612403675004
57100,0.9637003415989076,0.7854816112084063,5660,44851,0.019183155699443954,0.15903557469105734,0.020310012338394707,0.16837763998926897
57600,0.9428446431358968,0.7854166666666667,5586,45240,0.0016725427635668755,0.159100519232797,0.0017707912450254815,0.16844639950228707
58100,0.9236865829879118,0.7848020654044751,5520,45597,0.02083060291155181,0.1597151204949886,0.02205423386946086,0.16909710366243033
58600,0.9345527616811029,0.7872866894197952,5633,46135,0.009964424218360746,0.15723049647966847,0.010549754273525076,0.1664665279011709
59100,0.9294427774238176,0.7840947546531303,5650,46340,0.015074408475646006,0.16042243124633337,0.015959909147963938,0.1698459632511219
59600,0.9647099335212671,0.7856375838926174,5914,46824,0.020192747621803453,0.15887960200684625,0.021378909694029443,0.16821250516002545
60100,0.947786931120508,0.783377703826955,5859,47081,0.0032697452210443956,0.1611394820725086,0.0034618165448526144,0.17060513506597075
60600,0.9678819507675324,0.7863366336633664,6033,47652,0.02336476486806871,0.15818055223609728,0.024737257528901865,0.16747239181832563
61100,0.9381622518932491,0.7871031096563011,5896,48092,0.006354934006214563,0.1574140762431625,0.006728235442495162,0.16666089150432672
61600,0.9636909438510947,0.7856006493506493,6106,48393,0.01917375795163101,0.15891653654881432,0.020300062548223346,0.1682516093102934
62100,0.9318221127883655,0.7822061191626409,5952,48575,0.012695073111098187,0.16231106673682272,0.01344080690179149,0.17184554093873253
62600,0.9472093800246396,0.7870287539936103,6099,49268,0.002692194125175962,0.15748843190585338,0.0028503389513364814,0.1667396149662191
63100,0.9356978075231767,0.7858161648177496,6073,49585,0.00881937837628699,0.15870102108171402,0.009337446166094159,0.16802343403691808
63600,0.9549399891648171,0.7875,6247,50085,0.010422803265353497,0.15701718589946367,0.01103505941549159,0.1662406870341234
64100,0.951131272602221,0.784804992199688,6271,50306,0.006614086702757316,0.15971219369977563,0.0070026112827780065,0.1690940049414577
64600,0.9302248039915233,0.7859442724458204,6181,50772,0.014292381907940355,0.15857291345364322,0.015131944787568604,0.1678878011125168
65100,0.9571300973209264,0.7861904761904762,6409,51181,0.012612911421462702,0.15832670970898743,0.013353818871438985,0.1676271348712548
65600,0.9590235025122299,0.7874390243902439,6471,51656,0.014506316612766246,0.15707816150921972,0.015358446441556149,0.16630524447221592
66100,0.9360313648656177,0.7869894099848714,6364,52020,0.008485821033845986,0.15752777591459222,0.008984295003340716,0.16678127012011806
66600,0.9395145196152747,0.7846246246246247,6436,52256,0.005002666284188995,0.15989256127483897,0.0052965328306069474,0.16928496766585915
67100,0.9446844474902721,0.7870044709388971,6520,52808,0.00016726159080848735,0.1575127149605665,0.0001770868686197638,0.16676532445576114
67600,0.9477644370332431,0.7815976331360946,6590,52836,0.0032472511337794385,0.162919552763369,0.0034380011102572807,0.17248977064215165
68100,0.9355235963746291,0.7851835535976505,6553,53471,0.008993589524834533,0.1593336323018132,0.009521890823267485,0.16869320609564112
68600,0.9309724648453679,0.7846209912536443,6569,53825,0.013544721054095765,0.1598961946458194,0.0143403648512728,0.16928881446826216
69100,0.9577218443658775,0.7842402315484804,6807,54191,0.013204658466413832,0.16027695435098321,0.013980326312261896,0.16969194075420818
69600,0.9526575749008208,0.783132183908046,6820,54506,0.008140389001357162,0.1613850019914177,0.008618571607678129,0.17086507731220452
70100,0.9453078269511717,0.7866048502139801,6816,55141,0.0007906410517080076,0.15791233568548357,0.0008370848762853162,0.1671884196951945
70600,0.9409540365511633,0.7825212464589235,6833,55246,0.0035631493483003762,0.16199593944054014,0.003772455812868232,0.1715119024396273
71100,0.9443188594265415,0.7872011251758088,6906,55970,0.00019832647292217231,0.1573160607236549,0.00020997656356385515,0.16655711835867001
71600,0.9382675900704901,0.7845670391061452,6910,56175,0.006249595828973553,0.15995014679331843,0.006616709491656378,0.16934593587198513
72100,0.9656063186373369,0.7845353675450762,7161,56565,0.021089132737873273,0.1599818183543874,0.022327950250889392,0.16937946788341043
72600,0.9384673384660751,0.782465564738292,7008,56807,0.006049847433388544,0.16205162116117167,0.006405227478870355,0.17157085501504127
73100,0.9311172889323127,0.7818331053351573,7001,57152,0.013399896967150937,0.1626840805643064,0.014187033510025777,0.17224046633877005
73600,0.9386616589161277,0.7870380434782609,7106,57926,0.0058555269833359125,0.15747914242120276,0.006199492259910225,0.1667297797988031
74100,0.9399376785643317,0.783778677462888,7164,58078,0.004579507335131905,0.16073850843657567,0.004848516685030818,0.1701806074428433
74600,0.9406752992384313,0.784396782841823,7218,58516,0.0038418866610323565,0.16012040305764064,0.004067566708565211,0.16952619332718438
75100,0.9478758916445662,0.7874167776298269,7322,59135,0.0033587057451025526,0.15710040826963678,0.003556002786655552,0.16632879805149345
75600,0.9248889125444044,0.786547619047619,7192,59463,0.019628273355059234,0.1579695668518446,0.020781277088534108,0.16724901273385534
76100,0.9294157565390532,0.7849540078843626,7275,59735,0.015101429360410479,0.159563178015101,0.015988517293128328,0.1689362357797111
76600,0.9439102493124266,0.7868668407310705,7437,60274,0.0006069365870370325,0.15765034516839316,0.000642589246757905,0.16691103933515275
77100,0.9503986860289472,0.7846562905317769,7537,60497,0.005881500129483519,0.15986089536768677,0.006226991120211928,0.1692514416404729
77600,0.9445255536693535,0.7827963917525773,7539,60745,8.367769889883192e-06,0.16172079414688634,8.85930930088325e-06,0.1712205945653383
78100,0.9576490640436846,0.7843918053777209,7693,61261,0.013131878144220899,0.16012538052174274,0.013903270729494892,0.16953146317740672
78600,0.9436409058612187,0.7848600508905852,7629,61690,0.0008762800382449143,0.15965713500887846,0.0009277544668606881,0.16903571199378123
79100,0.9373073172291629,0.786118836915297,7626,62182,0.007209868670300712,0.1583983489841666,0.007633390665554438,0.1677029823796418
79600,0.9454655078850722,0.7842462311557789,7741,62426,0.000948321985608569,0.1602709547436848,0.0010040283011954747,0.16968558871806952
80100,0.9321598518651283,0.786267166042447,7680,62980,0.012357334034335365,0.1582500198570167,0.013083228361342602,0.16754594010517154
80600,0.933252678459451,0.7847394540942928,7737,63250,0.011264507440012617,0.15977773180517085,0.011926206963916096,0.16916339288523854
81100,0.9490770697377519,0.7849075215782984,7917,63656,0.004559883838288203,0.1596096643211653,0.0048277404650354,0.16898545278365584
81600,0.9327769900942611,0.7854656862745099,7829,64094,0.01174019580520258,0.1590514996249538,0.01242983820778485,0.16839450038538903
82100,0.9340829282952093,0.7874056029232643,7888,64646,0.010434257604254316,0.15711158297619932,0.011047186604993082,0.16634062918249812
82600,0.935255354702502,0.7842615012106537,7946,64780,0.009261831196961667,0.1602556846888099,0.009805889543599598,0.1696694216698645
83100,0.9457731294851577,0.7863417569193742,8084,65345,0.0012559435856940304,0.1581754289800894,0.0013297202046122596,0.16746696761209162
83600,0.9360463193994212,0.7845693779904306,8049,65590,0.008470866500042473,0.15994780790903307,0.008968462010541044,0.16934345959699482
84100,0.9377641720208869,0.786730083234245,8112,66164,0.006753013878576741,0.15778710266521867,0.007149699316636411,0.16705583023876694
84600,0.9402661511088246,0.7842553191489362,8182,66348,0.004251034790639041,0.16026186675052745,0.004500749011348884,0.169675966878157
85100,0.9481081820275148,0.785840188014101,8299,66875,0.003590996128051138,0.1586769978853626,0.003801938367729575,0.1679979996703337
85600,0.9418887088178916,0.7839135514018691,8293,67103,0.0026284770815721004,0.16060363449759452,0.002782879042130929,0.17003781074099958
86100,0.9508723214523979,0.7858188153310105,8421,67659,0.00635513555293421,0.15869837056845315,0.006728448828469135,0.16802062782724775
86600,0.9367379031006523,0.7840993071593534,8344,67903,0.007779282798811349,0.16041787874011026,0.008236253310100587,0.1698411433216478
87100,0.9510057214304986,0.7835132032146958,8520,68244,0.0064885355310349,0.1610039826847679,0.006869684986044873,0.170461676175266
87600,0.94202614139311,0.7834246575342466,8488,68628,0.0024910445063536235,0.16109252836521704,0.0026373734046791345,0.17055542320472297
88100,0.9459494824773712,0.7872985244040863,8572,69361,0.0014322965779075547,0.15721866149537733,0.0015164325215994655,0.16645399770641336
88600,0.9442322786994513,0.7848194130925508,8605,69535,0.00028490720001239644,0.15969777280691289,0.0003016432144017362,0.1690787369367268
89100,0.9437346113893531,0.7845342312008978,8649,69902,0.0007825745101105452,0.15998295469856583,0.0008285444900246041,0.16938067097870121
89600,0.9428084744753499,0.7833035714285714,8689,70184,0.0017087114241137735,0.16121361447089222,0.0018090845244775168,0.17068362214856736
90100,0.9546252696324227,0.7871254162042175,8847,70920,0.010108083732959017,0.15739176969524615,0.010701852633134556,0.16663727462551353
90600,0.9454938178752902,0.784514348785872,8811,71077,0.0009766319758265363,0.16000283711359164,0.0010340012764262088,0.16940172132624665
91100,0.9404112188304752,0.7836114160263447,8812,71387,0.00410596706898847,0.160905769873119,0.004347159723809956,0.17035769414813606
91600,0.9691356266932442,0.7848799126637555,9131,71895,0.024618440793780505,0.1596372732357082,0.026064576866683866,0.16901468350063492
92100,0.9374841413284611,0.7836699239956569,8881,72176,0.007033044571002511,0.16084726190380672,0.007446179567717388,0.17029574930458452
92600,0.9539452190834361,0.7851403887688985,9086,72704,0.00942803318397245,0.15937679713056518,0.009981854565191564,0.16873890651210405
93100,0.946106893150335,0.7832867883995703,9060,72924,0.001589707250871375,0.16123039749989332,0.0016830898099090667,0.17070139104600157
93600,0.954659738914542,0.784775641025641,9191,73455,0.010142553015078382,0.15974154487382264,0.010738346709297438,0.16912508026172204
94100,0.9378090123648373,0.784240170031881,9077,73797,0.006708173534626383,0.1602770158675827,0.007102224961886945,0.1696920058844148
94600,0.9517621678567771,0.7846088794926004,9261,74224,0.00724498195731349,0.15990830640686327,0.007670566576736339,0.1693016376981882
95100,0.938886399692073,0.7860988433228181,9184,74758,0.005630786207390659,0.15841834257664555,0.005961549764738756,0.1677241504354246
95600,0.9501455672339024,0.7851359832635983,9343,75059,0.00562838133443877,0.1593812026358653,0.005959003624776677,0.16874357080552918
96100,0.9289141762622908,0.7845161290322581,9182,75392,0.015603009637172871,0.16000105686720556,0.016519561390843436,0.16939983650465457
96600,0.9511791605662633,0.7864803312629399,9451,75974,0.0066619746667996305,0.15803685463652373,0.0070533122808722985,0.16732025313655383
97100,0.94347772506654,0.786961894953656,9423,76414,0.001039460832923611,0.15755529094580767,0.0011005208252867654,0.1668104014388767
97600,0.9323687760122548,0.7860655737704918,9360,76720,0.012148409887208889,0.15845161212897185,0.01286203159515828,0.16775937430728524
98100,0.9747903083932301,0.7854841997961264,9836,77056,0.030273122493766458,0.15903298610333727,0.03205142579267879,0.1683748993427686
98600,0.9661002848588831,0.7863387423935091,9798,77533,0.021583098959419456,0.15817844350595456,0.022850933028673134,0.16747015921718908
99100,0.9365036309427446,0.7845812310797174,9546,77752,0.008013554956719071,0.1599359548197462,0.008484287079528112,0.1693309102337182
99600,0.9406849819109533,0.7859839357429719,9637,78284,0.003832203988510363,0.15853325015649178,0.004057315256641895,0.1678458079145702
